use carwash;

INSERT INTO `horario` (`codHorario`,`fecInicio`,`fecFin`,`turno`) VALUES
	('1','2023-12-01','2024-05-31','Mañana'),
	('2','2023-12-01','2024-05-31','Tarde');

INSERT INTO `empleado` (`codEmpleado`, `DNI`, `nombres`, `primerApellido`, `segundoApellido`, `fecNacimiento`, `sexo`, `telefono`, `correo`, `direccion`, `salario`, `puesto`, `aniosExperiencia`, `codHorario`) VALUES
	('1', '11111111', 'Cristian', 'Zegarra', 'Paredes', '1980-04-21', 'Masculino', '11111111', 'cristian@example.com', 'coop. los eucaliptos', '3000', 'supervisor', '5', '1'),
	('2', '2222222', 'Luis', 'Meldrano', 'Quispe', '1980-04-17', 'masculino', '2222222', 'luis@example.com', 'coop. los eucaliptos', '3000', 'supervisor', '5', '2'),
	('3', '3333333', 'Miguel', 'Angulo', 'Rojas', '1980-04-22', 'masculino', '3333333', 'miguel@example.com', 'coop. los eucaliptos', '3000', 'supervisor', '5', '1'),
	('4', '44444444', 'Peiton', 'Valverde', 'Rojas', '1980-04-17', 'masculino', '44444444', 'peiton@example.com', 'coop. los eucaliptos', '1050', 'encargado de lavado', '3', '1'),
	('5', '55555555', 'Camila', 'Aguilar', 'Velasquez', '1980-10-17', 'femenino', '55555555', 'camila@example.com', 'coop. los eucaliptos', '1050', 'encargado de lavado', '3', '1'),
	('6', '66666666', 'Bryan', 'Aguirre', 'Tito', '1980-04-17', 'masculino', '66666666', 'bryan@example.com', 'coop. los eucaliptos', '1050', 'encargado de lavado', '3', '1'),
	('7', '77777777', 'Camila', 'Alarico', 'Pacheco', '1980-07-17', 'femenino', '77777777', 'camila@example.com', 'coop. los eucaliptos', '1050', 'encargado de lavado', '3', '1'),
	('8', '88888888', 'Diana', 'Retamozo', 'Anconeyra', '1980-04-17', 'femenino', '88888888', 'diana@example.com', 'coop. los eucaliptos', '1050', 'encargado de lavado', '3', '1'),
	('9', '9999999', 'Cielo', 'Bernal', 'Valeriano', '1980-04-17', 'femenino', '9999999', 'cielo@example.com', 'av. peru', '1050', 'encargado de lavado', '2', '1'),
	('10', '10101010', 'Keira', 'Cartolin', 'Espinoza', '1980-09-17', 'femenino', '10101010', 'keira@example.com', 'av. peru', '1050', 'encargado de lavado', '2', '1'),
	('11', '11011011', 'Rosa', 'Chacnama', 'Rado', '1980-04-28', 'femenino', '11011011', 'rosa@example.com', 'av. peru', '1050', 'encargado de lavado', '2', '2'),
	('12', '12121212', 'Miriam', 'Chambi', 'Ventura', '1980-04-17', 'femenino', '12121212', 'miriam@example.com', 'av. peru', '1050', 'encargado de lavado', '2', '2'),
	('13', '13131313', 'Valeri', 'Chavez', 'Alvarez', '1980-11-17', 'femenino', '13131313', 'valeri@example.com', 'av. peru', '1050', 'encargado de lavado', '2', '2'),
	('14', '14141414', 'Estefany', 'Condori', 'Choquehuanca', '1980-04-17', 'femenino', '14141414', 'estefany@example.com', 'jr. los naranjitos', '1050', 'encargado de lavado', '1', '2'),
	('15', '15151515', 'Vanesa', 'Condori', 'Espinoza', '1980-05-20', 'femenino', '15151515', 'vanesa@example.com', 'jr. los naranjitos', '1050', 'encargado de lavado', '1', '2'),
	('16', '16161616', 'Nicole', 'Fuentes', 'Cruz', '1980-03-14', 'femenino', '16161616', 'nicole@example.com', 'jr. los naranjitos', '1050', 'encargado de lavado', '1', '2'),
	('17', '17171717', 'Araceli', 'Galvez', 'Mamani', '1980-09-17', 'femenino', '17171717', 'araceli@example.com', 'jr. los naranjitos', '1050', 'encargado de lavado', '1', '2'),
	('18', '18181818', 'Victor', 'Gamarra', 'Lipa', '1988-04-17', 'masculino', '18181818', 'victor@example.com', 'jr. los naranjitos', '1050', 'encargado de lavado', '1', '2'),
	('19', '19191919', 'Dervid', 'Guerra', 'Pilco', '1987-04-04', 'masculino', '19191919', 'dervid@example.com', 'jr. los naranjitos', '1050', 'encargado de lavado', '1', '2'),
	('20', '20202020', 'Gabriela', 'Zavaleta', 'Salas', '1997-04-24', 'femenino', '20202020', 'gabriela@example.com', 'jr. los naranjitos', '1050', 'encargado de lavado', '1', '2');

INSERT INTO `cliente` (`codCliente`, `Dni`, `nombres`, `primerApellido`, `segundoApellido`, `usuario`, `fecNacimiento`, `sexo`, `telefono`, `correo`, `direccion`,`password`) VALUES
	('1', '11111111', 'Karla', 'Zegarra', 'Paredes', 'karla', '1980-04-21', 'Femenino', '11111111', 'karla@example.com', 'Coop. Los Eucaliptos','123'),
	('2', '2222222', 'Daniela', 'Meldrano', 'Quispe', 'daniela', '1980-04-17', 'Femenino', '2222222', 'daniela@example.com', 'Coop. Los Eucaliptos','123'),
	('3', '3333333', 'Bramin', 'Angulo', 'Rojas', 'bramin', '1980-04-22', 'Masculino', '3333333', 'bramin@example.com', 'Coop. Los Eucaliptos','123'),
	('4', '44444444', 'Sebastian', 'Valverde', 'Rojas', 'sebastian', '1980-04-17', 'Masculino', '44444444', 'sebastian@example.com', 'Coop. Los Eucaliptos','123'),
	('5', '55555555', 'Fernando', 'Aguilar', 'Velasquez', 'fernando', '1980-10-17', 'Masculino', '55555555', 'fernando@example.com', 'Coop. Los Eucaliptos','123'),
	('6', '66666666', 'Hacel', 'Aguirre', 'Tito', 'hacel', '1980-04-17', 'Femenino', '66666666', 'hacel@example.com', 'Coop. Los Eucaliptos','123'),
	('7', '77777777', 'Ana', 'Alarico', 'Pacheco', 'ana', '1980-07-17', 'Femenino', '77777777', 'ana@example.com', 'Coop. Los Eucaliptos','123'),
	('8', '88888888', 'Mauricio', 'Retamozo', 'Anconeyra', 'mauricio', '1980-04-17', 'Masculino', '88888888', 'mauricio@example.com', 'Coop. Los Eucaliptos','123'),
	('9', '9999999', 'Anyeli', 'Bernal', 'Valeriano', 'anyeli', '1980-04-17', 'Femenino', '9999999', 'anyeli@example.com', 'Av. Peru','123'),
	('10', '10101010', 'Darwin', 'Cartolin', 'Espinoza', 'darwin', '1980-09-17', 'Masculino', '10101010', 'darwin@example.com', 'Av. Peru','123'),
	('11', '11011011', 'Angel', 'Chacnama', 'Rado', 'angel', '1980-04-28', 'Masculino', '11011011', 'angel@example.com', 'Av. Peru','123'),
	('12', '12121212', 'Alejandro', 'Chambi', 'Ventura', 'alejandro', '1980-04-17', 'Masculino', '12121212', 'alejandro@example.com', 'Av. Peru','123'),
	('13', '13131313', 'Diana', 'Chavez', 'Alvarez', 'diana', '1980-11-17', 'Femenino', '13131313', 'diana@example.com', 'Av. Peru','123'),
	('14', '14141414', 'Omar', 'Condori', 'Choquehuanca', 'omar', '1980-04-17', 'Masculino', '14141414', 'omar@example.com', 'Jr. Los Naranjitos','123'),
	('15', '15151515', 'Cindya', 'Condori', 'Espinoza', 'cindya', '1980-05-20', 'Femenino', '15151515', 'cindya@example.com', 'Jr. Los Naranjitos','123'),
	('16', '16161616', 'Piero', 'Fuentes', 'Cruz', 'piero', '1980-03-14', 'Masculino', '16161616', 'piero@example.com', 'Jr. Los Naranjitos','123'),
	('17', '17171717', 'Joshua', 'Galvez', 'Mamani', 'joshua', '1980-09-17', 'Masculino', '17171717', 'joshua@example.com', 'Jr. Los Naranjitos','123'),
	('18', '18181818', 'Erick', 'Gamarra', 'Lipa', 'erick', '1988-04-17', 'Masculino', '18181818', 'erick@example.com', 'Jr. Los Naranjitos','123'),
	('19', '19191919', 'David', 'Guerra', 'Pilco', 'david', '1987-04-04', 'Masculino', '19191919', 'david@example.com', 'Jr. Los Naranjitos','123'),
	('20', '20202020', 'Carol', 'Zavaleta', 'Salas', 'carol', '1997-04-24', 'Femenino', '20202020', 'carol@example.com', 'Jr. Los Naranjitos','123');
    
INSERT INTO asistencia (codAsistencia, fecha, horaEntrada, horaSalida, codEmpleado) VALUES
	(1, '2024-02-05', '06:55:00', '14:00:00', 1),
	(2, '2024-02-06', '07:05:00', '14:00:00', 1),
	(3, '2024-02-07', '06:52:00', '14:00:00', 1),
	(4, '2024-02-08', '13:58:00', '21:00:00', 11),
	(5, '2024-02-09', '14:02:00', '21:00:00', 11),
	(6, '2024-02-10', '14:05:00', '21:00:00', 11),
	(7, '2024-02-05', '13:55:00', '21:00:00', 2),
	(8, '2024-02-06', '14:08:00', '21:00:00', 2),
	(9, '2024-02-07', '14:00:00', '21:00:00', 2),
	(10, '2024-02-08', '14:10:00', '21:00:00', 12),
	(11, '2024-02-09', '14:03:00', '21:00:00', 12),
	(12, '2024-02-10', '14:07:00', '21:00:00', 12),
	(13, '2024-02-05', '06:58:00', '14:00:00', 3),
	(14, '2024-02-06', '07:03:00', '14:00:00', 3),
	(15, '2024-02-07', '07:00:00', '14:00:00', 3),
	(16, '2024-02-08', '13:52:00', '21:00:00', 13),
	(17, '2024-02-09', '13:57:00', '21:00:00', 13),
	(18, '2024-02-10', '14:05:00', '21:00:00', 13),
	(19, '2024-02-05', '13:59:00', '21:00:00', 4),
	(20, '2024-02-06', '14:02:00', '21:00:00', 4),
	(21, '2024-02-07', '13:50:00', '21:00:00', 4),
	(22, '2024-02-08', '14:00:00', '21:00:00', 14),
	(23, '2024-02-09', '14:01:00', '21:00:00', 14),
	(24, '2024-02-10', '14:09:00', '21:00:00', 14),
	(25, '2024-02-05', '06:57:00', '14:00:00', 5),
	(26, '2024-02-06', '07:04:00', '14:00:00', 5),
	(27, '2024-02-07', '07:02:00', '14:00:00', 5),
	(28, '2024-02-08', '13:56:00', '21:00:00', 15),
	(29, '2024-02-09', '13:58:00', '21:00:00', 15),
	(30, '2024-02-10', '14:06:00', '21:00:00', 15),
	(31, '2024-02-05', '13:52:00', '21:00:00', 6),
	(32, '2024-02-06', '14:03:00', '21:00:00', 6),
	(33, '2024-02-07', '13:57:00', '21:00:00', 6),
	(34, '2024-02-08', '14:01:00', '21:00:00', 16),
	(35, '2024-02-09', '14:00:00', '21:00:00', 16),
	(36, '2024-02-10', '14:08:00', '21:00:00', 16),
	(37, '2024-02-05', '06:54:00', '14:00:00', 7),
	(38, '2024-02-06', '07:06:00', '14:00:00', 7),
	(39, '2024-02-07', '06:59:00', '14:00:00', 7),
	(40, '2024-02-08', '13:55:00', '21:00:00', 17),
	(41, '2024-02-09', '13:56:00', '21:00:00', 17),
	(42, '2024-02-10', '14:04:00', '21:00:00', 17),
	(43, '2024-02-05', '13:57:00', '21:00:00', 8),
	(44, '2024-02-06', '14:04:00', '21:00:00', 8),
	(45, '2024-02-07', '14:03:00', '21:00:00', 8),
	(46, '2024-02-08', '13:54:00', '21:00:00', 18),
	(47, '2024-02-09', '14:02:00', '21:00:00', 18),
	(48, '2024-02-10', '14:03:00', '21:00:00', 18),
	(49, '2024-02-05', '06:50:00', '14:00:00', 9),
	(50, '2024-02-06', '07:09:00', '14:00:00', 9),
	(51, '2024-02-07', '07:01:00', '14:00:00', 9),
	(52, '2024-02-08', '14:02:00', '21:00:00', 19),
	(53, '2024-02-09', '14:01:00', '21:00:00', 19),
	(54, '2024-02-10', '14:05:00', '21:00:00', 19),
	(55, '2024-02-05', '13:53:00', '21:00:00', 10),
	(56, '2024-02-06', '14:06:00', '21:00:00', 10),
	(57, '2024-02-07', '13:58:00', '21:00:00', 10),
	(58, '2024-02-08', '13:57:00', '21:00:00', 20),
	(59, '2024-02-09', '14:06:00', '21:00:00', 20),
	(60, '2024-02-10', '14:07:00', '21:00:00', 20);

INSERT INTO auto (codAuto, placa, tipo, volumen, color, marca, modelo, codCliente) VALUES
	(1, 'ABC-123', 'auto', '1500', 'rojo', 'Toyota', 'Corolla', 1),
	(2, 'XYZ-456', 'camioneta', '2000', 'blanco', 'Ford', 'Explorer', 2),
	(3, 'DEF-789', 'minivan', '1800', 'azul', 'Honda', 'Odyssey', 3),
	(4, 'GHI-012', 'van', '2500', 'negro', 'Mercedes', 'Sprinter', 4),
	(5, 'JKL-345', 'auto', '1600', 'plateado', 'BMW', 'Serie 3', 5),
	(6, 'MNO-678', 'camioneta', '2200', 'gris', 'Chevrolet', 'Tahoe', 6),
	(7, 'PQR-901', 'minivan', '1900', 'verde', 'Kia', 'Carnival', 7),
	(8, 'STU-234', 'van', '2700', 'azul', 'Volkswagen', 'Transporter', 8),
	(9, 'VWX-567', 'auto', '1400', 'blanco', 'Nissan', 'Sentra', 9),
	(10, 'YZA-890', 'camioneta', '2100', 'rojo', 'GMC', 'Yukon', 10),
	(11, 'BCD-124', 'minivan', '2000', 'negro', 'Chrysler', 'Voyager', 11),
	(12, 'CDE-578', 'van', '2800', 'plateado', 'Ford', 'Transit', 12),
	(13, 'EFG-012', 'auto', '1550', 'gris', 'Audi', 'A4', 13),
	(14, 'HIJ-356', 'camioneta', '2300', 'azul', 'Toyota', 'RAV4', 14),
	(15, 'IJK-890', 'minivan', '2100', 'blanco', 'Hyundai', 'H1', 15),
	(16, 'KLM-234', 'van', '3000', 'rojo', 'Mercedes', 'Vito', 16),
	(17, 'NOP-578', 'auto', '1450', 'negro', 'BMW', 'Serie 1', 17),
	(18, 'OPQ-012', 'camioneta', '2400', 'plateado', 'Jeep', 'Grand Cherokee', 18),
	(19, 'PQR-456', 'minivan', '2200', 'verde', 'Dodge', 'Grand Caravan', 19),
	(20, 'RST-890', 'van', '3200', 'gris', 'Fiat', 'Ducato', 20);

INSERT INTO membresia (codMembresia, nombre, descripcion, precio, duracion) VALUES
	(1, 'Membresia Estándar', 'Acceso básico a todos los servicios', 29.99, '1'),
	(2, 'Membresia Premium', 'Acceso completo a todos los servicios', 49.99, '3'),
	(3, 'Membresia Gold', 'Acceso ilimitado a todos los servicios', 99.99, '6');

INSERT INTO `cliente_membresia` (`codCliente`, `codMembresia`, `fecInicio`, `fecFin`, `estaActiva`) VALUES
	('1', '1', '2024-01-15', '2024-02-15', 1),
	('2', '1', '2024-01-15', '2024-02-15', 1),
	('3', '1', '2024-01-15', '2024-02-15', 1),
	('4', '1', '2024-01-15', '2024-02-15', 1),
	('5', '2', '2024-01-15', '2024-04-15', 1),
	('6', '2', '2024-01-15', '2024-04-15', 1),
	('7', '2', '2024-01-15', '2024-04-15', 1),
	('8', '2', '2024-01-15', '2024-04-15', 1),
	('9', '2', '2024-01-15', '2024-04-15', 1),
	('10', '2', '2024-01-15', '2024-04-15', 1),
	('11', '2', '2024-01-15', '2024-04-15', 1),
	('12', '1', '2024-01-15', '2024-02-15', 1),
	('13', '1', '2024-01-15', '2024-02-15', 1),
	('14', '1', '2024-01-15', '2024-02-15', 1),
	('15', '3', '2024-01-15', '2024-07-15', 1),
	('16', '3', '2024-01-15', '2024-07-15', 1),
	('17', '2', '2024-01-15', '2024-04-15', 1),
	('18', '1', '2024-01-15', '2024-02-15', 1),
	('19', '1', '2024-01-15', '2024-02-15', 1),
	('20', '1', '2024-01-15', '2024-02-15', 1);

INSERT INTO `representante` (`codRepresentante`, `DNI`, `nombres`, `primerApellido`, `segundoApellido`, `fecNacimiento`, `sexo`, `telefono`, `correo`, `direccion`) VALUES
	('1', '11111111', 'Lorena', 'Cardona', 'Vargas', '1976-01-18', 'Femenino', '123456789', 'lorena@gmail.com', 'Av. Las torres'),
	('2', '22222222', 'Luis Carlos', 'Castro', 'Reyes', '1974-03-20', 'Masculino', '234567890', 'luis@gmail.com', 'Coop. los eucaliptos'),
	('3', '33333333', 'Pamela', 'Franco', 'Marquez', '1976-11-15', 'Femenino', '345678901', 'pamela@gmail.com', 'Coop. los naranjos'),
	('4', '44444444', 'Natalia', 'Gomez', 'Perez', '1980-08-21', 'Femenino', '456789012', 'natalia@gmail.com', 'coop. los manzanitos'),
	('5', '55555555', 'Angela', 'Marin', 'Rojas', '1980-09-08', 'Femenino', '567890123', 'angela@gmail.com', 'av. lima'),
	('6', '66666666', 'David', 'Ordoñez', 'Benavente', '1981-10-05', 'Masculino', '678901234', 'david@gmail.com', 'av. peru'),
	('7', '77777777', 'Felipe', 'Restrepo', 'Suni', '1985-01-23', 'Masculino', '789012345', 'felipe@gmail.com', 'av. brasil'),
	('8', '88888888', 'Marco', 'Guzmán', 'Arapa', '1985-11-23', 'Masculino', '123456789', 'marco@gmail.com', 'jr. amadeo repetto'),
	('9', '99999999', 'Sebastian', 'Mamani', 'Moron', '1985-10-20', 'Masculino', '234567890', 'sebastian@gmail.com', 'jr. javier heraud'),
	('10', '10101010', 'Cecilia', 'Taipe', 'Vargas', '1985-07-13', 'Femenino', '345678901', 'cecilia@gmail.com', 'jr. polanco'),
	('11', '10010010', 'Juan David', 'Aguilar', 'Ponce', '1985-01-03', 'Masculino', '456789012', 'juan@gmail.com', 'av. independencia'),
	('12', '12121212', 'Monica', 'Toro', 'Villegas', '1990-01-25', 'Femenino', '567890123', 'monica@gmail.com', 'coop. los manzanitos'),
	('13', '13131313', 'Martin', 'Rua', 'Perez', '1990-04-15', 'Masculino', '678901234', 'martin@gmail.com', 'av. lima'),
	('14', '14141414', 'Norma', 'Rodriguez', 'Lima', '1991-12-25', 'Femenino', '789012345', 'norma@gmail.com', 'av. peru'),
	('15', '15151515', 'Luz', 'Tejeda', 'Ramos', '1992-03-12', 'Femenino', '123456789', 'luz@gmail.com', 'av. brasil'),
	('16', '16161616', 'Angel', 'Ramirez', 'Quispe', '1993-04-28', 'Masculino', '121254851', 'angel@gmail.com', 'jr. amadeo repetto'),
	('17', '17171717', 'Melany', 'Cornejo', 'Pinto', '1999-01-30', 'Femenino', '123456789', 'melany@gmail.com', 'jr. javier heraud'),
	('18', '18181818', 'Francisco', 'Flores', 'Rojas', '1999-02-27', 'Masculino', '158569526', 'francisco@gmail.com', 'jr. polanco'),
	('19', '19191919', 'Ricardo', 'Paz', 'Morón', '1999-11-14', 'Masculino', '205896520', 'ricardo@gmail.com', 'av. independencia'),
	('20', '20202020', 'Mariana', 'Jimenez', 'Ramirez', '1999-08-18', 'Femenino', '123478589', 'mariana@gmail.com', 'av. los toritos');

INSERT INTO `servicio` (`codServicio`, `nombre`, `descripcion`, `url_imagen`, `precio`, `duracion`) VALUES
	(1, 'Lavado Básico Auto', 'Lavado exterior básico para automóviles', 'imagen_basico_auto.jpg', 30, '0:20:0'),
	(2, 'Lavado Premium Auto', 'Lavado completo para automóviles con productos de alta calidad', 'imagen_premium_auto.jpg', 50, '0:40:0'),
	(3, 'Lavado Express Camioneta', 'Lavado rápido para camionetas', 'imagen_express_camioneta.jpg', 45, '0:20:0'),
	(4, 'Lavado de Lujo Minivan', 'Lavado detallado y completo para minivans', 'imagen_lujo_minivan.jpg',  70, '01:20:00'),
	(5, 'Lavado VIP Van', 'Lavado exclusivo y detallado para vans de lujo', 'imagen_vip_van.jpg', 70, '01:30:00'),
	(6, 'Lavado Básico Van', 'Lavado exterior básico para vans', 'imagen_basico_van.jpg',  50, '0:30:0'),
	(7, 'Lavado Simple Minivan', 'Lavado rápido y básico para minivans', 'imagen_simple_minivan.jpg', 50, '0:30:0'),
	(8, 'Lavado Desinfectante', 'Lavado con productos desinfectantes para una limpieza profunda', 'imagen_desinfectante.jpg', 100, '0:40:0'),
	(9, 'Lavado Motor', 'Lavado del motor para mantenerlo limpio y en buen estado', 'imagen_lavado_motor.jpg', 100, '0:30:0'),
	(10, 'Lavado Motor Minivan', 'Lavado del motor para minivans', 'imagen_lavado_motor_minivan.jpg', 100, '0:50:0'),
	(11, 'Lavado Motor Van', 'Lavado del motor para vans', 'imagen_lavado_motor_van.jpg',  130, '01:10:00'),
	(12, 'Lavado Aromatizante', 'Lavado con aromatización para un olor fresco y agradable', 'imagen_aromatizante.jpg', 30, '0:30:0'),
	(13, 'Lavado VIP Camioneta', 'Lavado detallado y exclusivo para camionetas de lujo', 'imagen_vip_camioneta.jpg', 50, '0:45:0'),
	(14, 'Autolavado', 'Lavado automático para un proceso rápido y eficiente', 'imagen_autolavado.jpg', 30, '0:20:0'),
	(15, 'Lavado solo carroceria', 'Lavado enfocado solo en la carrocería del vehículo', 'imagen_carroceria.jpg', 30, '0:30:0'),
	(16, 'Lavado tapiceria Auto', 'Lavado profundo de la tapicería para automóviles', 'imagen_tapiceria_auto.jpg', 50, '0:50:0'),
	(17, 'Lavado tapiceria Camioneta', 'Lavado de la tapicería para camionetas', 'imagen_tapiceria_camioneta.jpg', 50, '0:50:0'),
	(18, 'Lavado tapiceria Minivan', 'Lavado de la tapicería para minivans', 'imagen_tapiceria_minivan.jpg', 50, '0:50:0'),
	(19, 'Lavado tapiceria Van', 'Lavado de la tapicería para vans', 'imagen_tapiceria_van.jpg', 70, '01:20:00'),
	(20, 'Lavado ecológico', 'Lavado con productos ecológicos y amigables con el medio ambiente', 'imagen_ecologico.jpg', 70, '01:30:00');

INSERT INTO `cita` (`codCita`, `fecha`, `hora`, `progreso`, `codCliente`, `codServicio`) VALUES
	('1', '2023-12-10', '08:30', 'Terminada', '1', '1'),
	('2', '2023-12-10', '10:00', 'Terminada', '2', '13'),
	('3', '2023-12-10', '12:00', 'Terminada', '3', '7'),
	('4', '2023-12-11', '09:00', 'Terminada', '4', '5'),
	('5', '2023-12-11', '10:00', 'Terminada', '5', '8'),
	('6', '2023-12-11', '11:00', 'Terminada', '6', '3'),
	('7', '2023-12-12', '08:30', 'Terminada', '7', '4'),
	('8', '2023-12-12', '09:30', 'Terminada', '8', '6'),
	('9', '2023-12-12', '11:00', 'Terminada', '9', '12'),
	('10', '2023-12-13', '08:30', 'Terminada', '10','17'),
	('11', '2023-12-14', '08:30', 'Terminada', '11', '18'),
	('12', '2023-12-15', '10:00', 'Terminada', '12', '19'),
	('13', '2024-01-03', '08:30', 'Terminada', '13', '12'),
	('14', '2024-01-03', '11:00', 'Terminada', '14', '13'),
	('15', '2024-01-04', '08:30', 'Terminada', '15', '14'),
	('16', '2024-01-05', '08:30', 'Terminada', '16', '15'),
	('17', '2024-01-05', '10:00', 'Terminada', '17', '9'),
	('18', '2024-01-05', '12:00', 'Terminada', '18', '3'),
	('19', '2024-01-07', '08:30', 'Terminada', '19', '10'),
	('20', '2024-01-07', '10:00', 'Terminada', '20', '11'),
	('21', '2024-01-10', '08:30', 'Terminada', '1', '1'),
	('22', '2024-01-10', '11:00', 'Terminada', '2', '20'),
	('23', '2024-01-10', '12:00', 'Terminada', '3', '4'),
	('24', '2024-01-12', '09:00', 'Terminada', '5', '1'),
	('25', '2024-01-12', '10:00', 'Terminada', '9', '13'),
	('26', '2024-01-13', '08:30', 'Terminada', '10', '12'),
	('27', '2024-01-13', '10:00', 'Terminada', '17', '12'),
	('28', '2024-01-13', '11:00', 'Terminada', '15', '18'),
	('29', '2024-01-14', '09:30', 'Terminada', '8', '19'),
	('30', '2024-01-14', '11:00', 'Terminada', '10', '9');

INSERT INTO `factura` (`codFactura`, `fecha`, `total`, `metodoPago`, `codCita`) VALUES
	('1', '2023-12-10', '30', 'efectivo', '1'),
	('2', '2023-12-10', '50', 'efectivo', '2'),
	('3', '2023-12-10', '50', 'efectivo', '3'),
	('4', '2023-12-11', '70', 'efectivo', '4'),
	('5', '2023-12-11', '100', 'efectivo', '5'),
	('6', '2023-12-11', '45', 'efectivo', '6'),
	('7', '2023-12-12', '70', 'efectivo', '7'),
	('8', '2023-12-12', '50', 'tarjeta debito', '8'),
	('9', '2023-12-12', '30', 'tarjeta debito', '9'),
	('10', '2023-12-13', '50', 'tarjeta debito', '10'),
	('11', '2023-12-14', '50', 'tarjeta debito', '11'),
	('12', '2023-12-15', '70', 'tarjeta debito', '12'),
	('13', '2024-01-03', '30', 'tarjeta credito', '13'),
	('14', '2024-01-03', '50', 'tarjeta credito', '14'),
	('15', '2024-01-04', '30', 'tarjeta credito', '15'),
	('16', '2024-01-05', '30', 'tarjeta credito', '16'),
	('17', '2024-01-05', '100', 'tarjeta credito', '17'),
	('18', '2024-01-05', '45', 'tarjeta credito', '18'),
	('19', '2024-01-07', '100', 'tarjeta credito', '19'),
	('20', '2024-01-07', '130', 'efectivo', '20'),
	('21', '2024-01-10', '30', 'tarjeta credito', '21'),
	('22', '2024-01-10', '50', 'tarjeta credito', '22'),
	('23', '2024-01-10', '70', 'tarjeta credito', '23'),
	('24', '2024-01-12', '30', 'tarjeta credito', '24'),
	('25', '2024-01-12', '50', 'tarjeta credito', '25'),
	('26', '2024-01-13', '30', 'tarjeta credito', '26'),
	('27', '2024-01-13', '30', 'tarjeta credito', '27'),
	('28', '2024-01-13', '50', 'tarjeta credito', '28'),
	('29', '2024-01-14', '70', 'tarjeta credito', '29'),
	('30', '2024-01-14', '100', 'tarjeta credito', '30');

INSERT INTO `utensilio` (`codUtensilio`, `nombre`, `descripcion`, `precio`, `cantidad`) VALUES
	('1', 'Abrillantador de llantas', 'Limpia las llantas', '36.90', '20'),
	('2', 'Pavonador de Vidrios', 'Limpiador de vidrios', '43.90', '25'),
	('3', 'Paños de microfibra', 'Paños para limpiar y secar', '34.90', '300'),
	('4', 'LimpiaParabrisas', 'Limpia los parabrisas', '17', '30' ),
	('5', 'Desinfectante interior', 'desinfectante', '59.50', '50' ),
	('6', 'Aromatizador Sandalo', 'Aroma de sándalo', '159.90', '30' ),
	('7', 'Desinfectante de Aire Acondicionado', 'Desinfectar', '38.90', '50' ),
	('8', 'Paños', 'Limpiar y secar', '11.90', '200' ),
	('9', 'Detergente', 'Detergente en polvo', '20.90', '50' ),
	('10', 'Desinfectante motor', 'desinfectante', '54.90', '45' ),
	('11', 'Aromatizador Limon', 'Aromatizador Limon', '159.90', '30' ),
	('12', 'Aromatizador Fresa', 'Aromatizador Fresa', '159.90', '30' ),
	('13', 'Aditivo Lavaparabrisas', 'Aditivo Lavaparabrisas', '41.90', '20' ),
	('14', 'Silicona Líquida para Tableros de Auto', 'Silicona Líquida para Tableros de Auto', '36.90', '20' ),
	('15', 'Pintura para aros', 'pintura', '44.90', '36' ),
	('16', 'Pasta Pulidora para Autos', 'pasta fria', '32.90', '41' ),
	('17', 'Crema Quita Rayones', 'crema en pasta', '28.90', '35' ),
	('18', 'Shampoo para Autos', 'shampoo', '21.90', '35' ),
	('19', 'Limpiador Tapicería', 'limpiador', '22.90', '50' ),
	('20', 'Cera Autobrillante', 'cera', '43.90', '30' );
    
INSERT INTO `servicio_utensilio` (`codServicio`, `codUtensilio`, `cantidad`) VALUES
	('1', '9', '1'),
	('1', '13', '0.25'),
	('1', '2', '1'),
	('1', '8', '5'),
	('2', '18', '0.5'),
	('2', '9', '0.5'),
	('2', '13', '0.5'),
	('2', '2', '1'),
	('2', '17', '1'),
	('2', '20', '0.25'),
	('2', '1', '0.25'),
	('2', '3', '5'),
	('3', '9', '2'),
	('3', '4', '1'),
	('3', '3', '5'),
	('4', '9', '0.5'),
	('4', '18', '0.5'),
	('4', '19', '0.5'),
	('4', '2', '1'),
	('4', '13', '0.5'),
	('4', '15', '1'),
	('4', '20', '0.5'),
	('5', '9', '0.5'),
	('5', '19', '0.5'),
	('5', '18', '0.5'),
	('5', '2', '1'),
	('5', '13', '1'),
	('5', '15', '2'),
	('5', '20', '1'),
	('6', '2', '1'),
	('6', '9', '2'),
	('6', '13', '0.5'),
	('7', '2', '2'),
	('7', '9', '5'),
	('7', '13', '1'),
	('7', '8', '8'),
	('8', '5', '1'),
	('8', '10', '1'),
	('8', '7', '1'),
	('9', '14', '0.25'),
	('10', '14', '0.25'),
	('11', '14', '0.5'),
	('12', '6', '30'),
	('12', '11', '0.25'),
	('12', '12', '0.25'),
	('13', '9', '0.25'),
	('13', '18', '0.5'),
	('13', '19', '0.5'),
	('13', '2', '1'),
	('13', '13', '0.5'),
	('13', '15', '1'),
	('13', '20', '0.5'),
	('14', '9', '1'),
	('14', '18', '0.5'),
	('14', '5', '1'),
	('14', '4', '0.25'),
	('14', '11', '0.25'),
	('15', '2', '1'),
	('15', '9', '1'),
	('15', '13', '0.25'),
	('15', '3', '10'),
	('16', '19', '1'),
	('17', '19', '1'),
	('18', '19', '1'),
	('19', '19', '1'),
	('20', '5', '1'),
	('20', '3', '10');
    
INSERT INTO `proveedor` (`codProveedor`, `nombre`, `telefono`, `direccion`, `codRepresentante`) VALUES
	('1', 'Simoniz', '121211212', 'av. los girasoles', '1'),
	('2', 'Friss', '785693241', 'variante uchumayo', '2'),
	('3', 'Vistony', '948521638', 'jr. los arces', '3'),
	('4', 'Baucker', '742589631', 'av. los manzanos', '4'),
	('5', 'Autostyle', '102302015', 'coop. los naranjos', '5'),
	('6', 'Sonax', '750148026', 'jr. los sandalos', '6'),
	('7', 'Febreze', '758415841', 'av. peru', '7'),
	('8', 'Montana Colors', '202020210', 'av. españa', '8'),
	('9', 'Kaercher', '151612131', 'coop. los incas', '9'),
	('10', 'Paradise', '4563210258', 'av. venezuela', '10'),
	('11', 'California Scents', '758960350', 'av. independencia', '11'),
	('12', 'Rust-Oleum', '025896056', 'av. goyoneche', '12'),
	('13', 'Eco-Full', '121211212', 'jr. esparta', '13'),
	('14', 'Tramontina', '785693241', 'jr. quiñones', '14'),
	('15', 'Johnson', '948521638', 'av. venezuela', '15'),
	('16', 'Worx', '742589631', 'av. independencia', '16'),
	('17', 'Daytona', '102302015', 'av. goyoneche', '17'),
	('18', 'Dinatech', '750148026', 'jr. esparta', '18'),
	('19', 'Momo', '758415841', 'av. venezuela', '19'),
	('20', 'Daryza', '202020210', 'av. independencia', '20');
    
INSERT INTO `proveedor_utensilio` (`codProveedor`, `codUtensilio`, `fecha`, `cantidad`, `total`) VALUES
	('1', '2', '2023-12-20', '5', '219.50'),
	('1', '4', '2023-12-21', '5', '85'),
	('2', '1', '2023-12-23', '10', '2'),
	('2', '7', '2023-12-23', '15', '583.50'),
	('2', '16', '2023-12-23', '5', '164.50'),
	('2', '13', '2023-12-27', '7', '293.30'),
	('2', '14', '2023-12-27', '8', '295.20'),
	('3', '4', '2023-12-27', '20', '600'),
	('3', '13', '2024-01-05', '20', '838'),
	('5', '8', '2024-01-06', '100', '1190'),
	('6', '19', '2024-01-06', '30', '687'),
	('6', '18', '2024-01-06', '20', '438'),
	('8', '10', '2024-01-07', '50', '2745'),
	('10', '11', '2024-01-08', '10', '1590.90'),
	('10', '12', '2024-01-09', '10', '1590.90'),
	('11', '6', '2024-01-09', '10', '1590.90'),
	('12', '17', '2024-01-12', '15', '433.50'),
	('13', '20', '2024-01-13', '15', '658.50'),
	('13', '19', '2024-01-15', '15', '343.50'),
	('20', '9', '2024-01-15', '15', '313.50');

INSERT INTO `lugar` (`codLugar`, `nombre`, `ubicacion`, `funcion`, `capacidad`) VALUES
	('1', 'Área de Espera', 'A1', 'Área de espera', '15'),
	('2', 'Prewash', 'B1', 'Área de prelavado', '8'),
	('3', 'Zona de Lavado', 'C1', 'Área de lavado', '10'),
	('4', 'Estación de pulido', 'C2', 'Pulido y encerado', '5'),
	('5', 'Zona de Secado', 'D1', 'Secado final', '20'),
	('6', 'Área VIP', 'C3', 'Servicio premium de lavado', '4'),
	('7', 'Estación de Enguaje', 'C4', 'Enguaje final', '10'),
	('8', 'Zona Ecológica', 'C5', 'Lavado ecológico', '5'),
	('9', 'Estación de Aspirado', 'B2', 'Área para aspirar', '8'),
	('10', 'Zona de Lavado Rápido', 'C6', 'Lavado ultrarápido', '5'),
	('11', 'Estación de Desinfección', 'C7', 'Desinfección', '10'),
	('12', 'Estación de Fragancias', 'C8', 'Aplicación de fragancias', '5'),
	('13', 'Estación de lavado de Motor', 'C9', 'Lavado de motor', '2'),
	('14', 'Área de Descanso', 'E1', 'Espacio para descanso', '0'),
	('15', 'Estación de Carga Eléctrica', 'A2', 'Punto de carga', '3'),
	('16', 'Autolavado', 'C10', 'Zona de autolavado', '1'),
	('17', 'Zona de Espumas', 'C11', 'Aplicación de espuma', '5'),
    ('18', 'Área de lavado de tapicerías', 'C12', 'Lavado de tapicerias', '5');

INSERT INTO `maquina` (`codMaquina`, `nombre`, `marca`, `funcion`, `precio`, `estaOperativa`, `codProveedor`,`codLugar`) VALUES
	('1', 'Hidrolavadora', 'Kiox', 'lavado', '19066', 1, '4','2'),
	('2', 'Deluxe Clean', 'Igardi', 'lavado de tapiceria', '4999', 1, '4','18'),
	('3', 'Aspiradora', 'Igardi', 'aspirado', '5999', 1, '4','9'),
	('4', 'ChargerPower', 'Igardi', 'cargador de auto', '12599', 1, '4','15'),
	('5', 'Champunera', 'Igardi', 'aplicacion de shampoo', '4999', 1, '4','17'),
	('6', 'Máquina de Lavado', 'Leisuwash', 'lavado', '21499', 1, '9','3'),
	('7', 'EcoWash', 'GreenClean', 'lavado ecologico', '5999', 1, '9','8'),
	('8', 'PowerJet', 'SpeedWash', 'secado rápido', '6599', 1, '9','5'),
	('9', 'Pulidora', 'Shiny Tech', 'pulido', '7899', 1, '9','4'),
	('10', 'HydraBlast', 'AquaWash', 'triple acción (lavado, enguaje, secado)', '5999', 1, '9','16'),
	('11', 'Cleaner2000', 'QuickWash', 'lavado rápido', '1599', 1, '9','10'),
	('12', 'Espumadora', 'FoamTech', 'espumadora', '3999', 1, '9','17'),
	('13', 'MegaOzone', 'ShineTech', 'desinfeccion', '5499', 1, '9','11'),
	('14', 'FastDryer', 'SpeedWash', 'secado ultrarápido', '3599', 1, '9','6'),
	('15', 'ShinyGlide', 'ShineTech', 'deslizamiento suave para pulido', '7899', 1, '9','4'),
	('16', 'SuperDryer', 'SpeedWash', 'secado potente', '2399', 1, '9','5'),
	('17', 'PureWash', 'GreenClean', 'enguaje sin químicos', '14999', 1, '16','8'),
	('18', 'ShineMax Pro', 'ShineTech', 'pulido avanzado', '2199', 1, '16','6'),
	('19', 'AquaGlowEngine', 'AquaWash', 'lavado de motor', '999', 1, '16','13'),
	('20', 'TurboClean Pro', 'CleanTech', 'lavado a presion', '1499', 1, '16','6');
    
INSERT INTO `maquina_empleado` (`codMaquina`, `codEmpleado`) VALUES
	('1', '3'),
	('2', '5'),
	('3', '9'),
	('4', '4'),
	('5', '11'),
	('6', '10'),
	('7', '12'),
	('8', '1'),
	('9', '6'),
	('10', '2'),
	('11', '16'),
	('12', '14'),
	('13', '7'),
	('14', '15'),
	('15', '13'),
	('16', '20'),
	('17', '8'),
	('18', '18'),
	('19', '19'),
	('20', '17');

INSERT INTO `servicio_lugar` (`codServicio`, `codLugar`, `duracion`) VALUES
	('1', '1', '5'),
	('1', '3', '10'),
	('1', '5', '5'),
	('2', '1', '5'),
	('2', '2', '5'),
    ('2','17','5'),
	('2', '3', '5'),
	('2', '4', '10'),
	('2', '5', '10'),
	('3', '10', '10'),
	('3', '5', '10'),
	('4', '2', '5'),
	('4', '9', '5'),
    ('4','17','5'),
	('4', '18', '15'),
	('4', '6', '50'),
	('5', '2', '5'),
	('5', '9', '5'),
    ('5','17','5'),
	('5', '18', '15'),
	('5', '6', '60'),
	('6', '1', '5'),
	('6', '3', '15'),
	('6', '5', '10'),
	('7', '1', '5'),
	('7', '3', '15'),
	('7', '5', '10'),
	('8', '11', '40'),
	('9', '13', '30'),
	('10', '13', '50'),
	('11', '13', '70'),
	('12', '12', '30'),
	('13', '2', '5'),
	('13', '9', '5'),
	('13', '18', '10'),
	('13', '6', '20'),
	('14', '16', '20'),
	('15', '1', '5'),
	('15', '3', '15'),
	('15', '5', '10'),
	('16', '18', '50'),
	('17', '18', '50'),
	('18', '18', '50'),
	('19', '18', '80'),
	('20', '8', '50'),
	('20', '5', '30');
